{
  "admin": {
    "label": "Project Administrator",
    "value": "admin",
    "description": "Project Administrators can add users to their Project as well as upload, view, and download any data in their Project's Green Room or Core storage.",
    "inviteUser": true,
    "CORE": {
      "upload": true,
      "download": {
        "isEnable": true,
        "all": true
      },
      "view": {
        "isEnable": false,
        "all": false
      }
    },
    "GREEN-ROOM": {
      "upload": true,
      "download": {
        "isEnable": true,
        "all": true
      },
      "view": {
        "isEnable": true,
        "all": true
      }
    }
  },
  "contributor": {
    "label": "Project Contributor",
    "value": "contributor",
    "description": "Project Contributors can upload data to their Project's Green Room storage but can only view or download the files uploaded by themselves.",
    "inviteUser": false,
    "CORE": {
      "upload": false,
      "download": {
        "isEnable": false,
        "all": false
      },
      "view": {
        "isEnable": false,
        "all": false
      }
    },
    "GREEN-ROOM": {
      "upload": true,
      "download": {
        "isEnable": true,
        "all": false
      },
      "view": {
        "isEnable": true,
        "all": false
      }
    }
  },
  "collaborator": {
    "label": "Project Collaborator",
    "value": "collaborator",
    "description": "Project Collaborators can upload and access self-contributed data into Green Room and have full data access in the Project's Core storage.",
    "inviteUser": false,
    "CORE": {
      "upload": false,
      "download": {
        "isEnable": true,
        "all": true
      },
      "view": {
        "isEnable": true,
        "all": true
      }
    },
    "GREEN-ROOM": {
      "upload": true,
      "download": {
        "isEnable": true,
        "all": false
      },
      "view": {
        "isEnable": true,
        "all": false
      }
    }
  }
}
