{
  "APPROVAL_SERVICE": "http://approval.utility:8000",
  "ATLAS_ADMIN": "admin",
  "ATLAS_API": "http://atlas.utility:21000",
  "ATLAS_PASSWD": "[yourpassword]",
  "AUTH_SERVICE": "http://auth.utility:5061",
  "BBN_ENDPOINT": "http://10.32.42.226/kg/v1",
  "BBN_ORG": "charite",
  "BBN_PROJECT": "VRE_Datasets",
  "BFF_SERVICE": "http://bff.utility:5060",
  "CATALOGUING_SERVICE": "http://cataloguing.utility:5064",
  "CLI_SECRET": "yourclisecret",
  "CONFIG_CENTER_BASE_URL": "http://common.utility:5062/",
  "CONFIG_CENTER_ENABLED": "true",
  "CORE_ZONE_LABEL": "Core",
  "DATASET_SERVICE": "http://dataset.utility:5081",
  "DATA_OPS_GR": "http://dataops-gr.greenroom:5063",
  "DATA_OPS_UTIL": "http://dataops-ut.utility:5063",
  "DATA_UPLOAD_SERVICE_CORE": "http://upload.vre:5079",
  "DATA_UPLOAD_SERVICE_GREENROOM": "http://upload.greenroom:5079",
  "DOMAIN_NAME": "https://vre.charite.de",
  "DOWNLOAD_SERVICE_CORE": "http://download.vre:5077",
  "DOWNLOAD_SERVICE_GR": "http://download.greenroom:5077",
  "ELASTIC_SEARCH_SERVICE": "http://elasticsearch-master.utility:9200",
  "EMAIL_SERVICE": "http://notification.utility:5065",
  "ENTITYINFO_SERVICE": "http://entityinfo.utility:5066",
  "ENV": "charite",
  "FILEINFO_HOST": "http://entityinfo.utility:5066",
  "GREEN_ZONE_LABEL": "Greenroom",
  "HPC_SERVICE": "http://hpc.utility:5080",
  "INVITATION_URL_LOGIN": "https://vre.charite.de/vre/",
  "KEYCLOAK_CLIENT_ID": "kong",
  "KEYCLOAK_ENDPOINT": "http://10.32.42.226/vre/auth/realms/vre/protocol/openid-connect/token",
  "KEYCLOAK_GRANT_TYPE": "password",
  "KEYCLOAK_ID": "the 'provider ID' of the LDAP server configured in the user federation section of keycloak",
  "KEYCLOAK_MINIO_SECRET": "keycloak id for minio client of the format aadfdc5b-ac08-4675-4675-e2f9a10bdb50",
  "KEYCLOAK_REALM": "vre",
  "KEYCLOAK_SECRET": "aeeddce5-ac08-4a4c-9f6d-e2f9a10bdb50",
  "KEYCLOAK_SERVER_URL": "http://keycloak.utility/vre/auth/",
  "KEYCLOAK_URL": "http://keycloak.utility",
  "KG_SERVICE": "http://kg.utility:5081",
  "KONG_BASE": "http://kong.utility:8000",
  "LDAP_ADMIN_DN":"cn=admin,dc=charite,dc=de",
  "LDAP_DC1":"charite",
  "LDAP_DC2":"de",
  "LDAP_OU":"VRE,ou=Charite",
  "LDAP_URL":"ldap://openldap.utility:389",
  "LDAP_USER_GROUP":"vre-users",
  "LDAP_objectclass":"group",
  "LDAPTLS_CACERT": "/tmp/ldapcrt.pem",
  "LDAP_COMMON_NAME_PREFIX":"vre",
  "METADATA_API": "http://cataloguing.utility:5064",
  "MINIO_ACCESS_KEY": "indoc-minio",
  "MINIO_ENDPOINT": "minio-hl.minio:9000",
  "MINIO_HTTPS": "TRUE",
  "MINIO_OPENID_CLIENT": "react-app",
  "MINIO_SECRET_KEY": "yourpassword",
  "MINIO_TEST_PASS": "yourpassword",
  "NEO4J_PASS": "yourpassword",
  "NEO4J_SERVICE": "http://dataset-neo4j.utility:5062",
  "NEO4J_URL": "bolt://neo4j-db.utility:7687",
  "NEO4J_USER": "neo4j",
  "NOTIFY_SERVICE": "http://notification.utility:5065",
  "OPEN_TELEMETRY_ENABLED": "TRUE",
  "PASSWORD_RESET_URL_PREFIX": "https://vre.charite.de",
  "POSTFIX_PORT": "25",
  "POSTFIX_URL": "external-postfix.utility",
  "PROVENANCE_SERVICE": "http://provenance.utility:5077",
  "QUEUE_SERVICE": "http://queue-producer.greenroom:6060",
  "RDS_DBNAME": "indoc_vre",
  "RDS_DB_URI": "postgresql://indoc_vre:yourpassword@opsdb.utility:5432/indoc_vre",
  "RDS_HOST": "opsdb.utility",
  "RDS_PORT": "5432",
  "RDS_PWD": "postgres",
  "RDS_SCHEMA_DEFAULT": "indoc_vre",
  "RDS_USER": "indoc_vre",
  "REDIS_DB": "0",
  "REDIS_HOST": "redis-master.utility",
  "REDIS_PORT": "6379",
  "SEND_MESSAGE_URL": "http://queue-producer.greenroom:6060",
  "UTILITY_SERVICE": "http://common.utility:5062",
  "WAREHOUSE_PWD": "yourpassword",
  "WAREHOUSE_USER": "yourpassword",
  "dag_generator_endpoint": "http://dag-generator.utility:5000",
  "docker_registry_ip": "for internal docker",
  "gm_password": "yourpassword",
  "gm_queue_endpoint": "message-bus-greenroom.greenroom",
  "gm_username": "greenroom",
  "url_download_greenroom": "http://download.greenroom:5077/v1/download/pre/",
  "vre_core_nfs_path": "nfs/path",
  "vre_core_nfs_server": "nfs/server/path",
  "PROJECT_NAME": "VRE",
  "AD_USER_GROUP": "vre-users",
  "AD_PROJECT_GROUP_PREFIX": "vre",
  "EMAIL_SUPPORT": "vre-support@charite.de",
  "EMAIL_ADMIN": "vre-admin@charite.de",
  "EMAIL_HELPDESK": "helpdesk@charite.de",
  "KONG_PATH": "/vre/",
  "GUIDE_PATH": "xwiki",
  "START_PATH": "vre",
  "SITE_DOMAIN": "https://vre.charite.de",
  "JAEGER_SERVICE_NAME": "bff-service.utility",
  "JAEGER_PROPAGATION": "jaeger,b3,w3c",
  "GREENROOM_ZONE_LABEL": "Greenroom",
  "DATASET_FILE_FOLDER": "data",
  "DATASET_SCHEMA_FOLDER": "schema",
  "DATASET_CODE_REGEX": "^[a-z0-9]{3,32}$",
  "ROOT_PATH": "/data/vre-storage",
  "DOWNLOAD_TOKEN_EXPIRE_AT": "5",
  "MAX_PREVIEW_SIZE": "500000",
  "ESSENTIALS_NAME": "essential.schema.json",
  "ESSENTIALS_TPL_NAME": "Essential"
}
